sep=;
time;model_id;model_name;port_name;data
0;1;(19,19);;<0>
0;2;(18,19);;<0>
0;3;(17,19);;<0>
0;4;(15,19);;<0>
0;5;(14,19);;<0>
0;6;(6,19);;<0>
0;7;(5,19);;<0>
0;8;(2,19);;<0>
0;9;(0,19);;<0>
0;10;(19,18);;<0>
0;11;(14,18);;<0>
0;12;(12,18);;<0>
0;13;(11,18);;<0>
0;14;(8,18);;<0>
0;15;(6,18);;<0>
0;16;(4,18);;<0>
0;17;(3,18);;<0>
0;18;(2,18);;<0>
0;19;(18,17);;<0>
0;20;(17,17);;<0>
0;21;(15,17);;<0>
0;22;(14,17);;<0>
0;23;(11,17);;<0>
0;24;(10,17);;<0>
0;25;(7,17);;<0>
0;26;(5,17);;<0>
0;27;(3,17);;<0>
0;28;(2,17);;<0>
0;29;(0,17);;<0>
0;30;(19,16);;<0>
0;31;(18,16);;<0>
0;32;(17,16);;<0>
0;33;(12,16);;<0>
0;34;(7,18);;<0>
0;35;(9,16);;<0>
0;36;(7,16);;<0>
0;37;(5,16);;<0>
0;38;(4,16);;<0>
0;39;(1,16);;<0>
0;40;(0,16);;<0>
0;41;(19,15);;<0>
0;42;(16,15);;<0>
0;43;(14,15);;<0>
0;44;(13,15);;<0>
0;45;(9,15);;<0>
0;46;(6,15);;<0>
0;47;(5,15);;<0>
0;48;(4,15);;<0>
0;49;(2,15);;<0>
0;50;(1,15);;<0>
0;51;(7,15);;<0>
0;52;(14,14);;<0>
0;53;(12,14);;<0>
0;54;(11,14);;<0>
0;55;(10,14);;<0>
0;56;(9,14);;<0>
0;57;(6,14);;<0>
0;58;(5,14);;<0>
0;59;(4,14);;<0>
0;60;(3,14);;<0>
0;61;(8,15);;<0>
0;62;(2,14);;<0>
0;63;(8,17);;<0>
0;64;(18,13);;<0>
0;65;(16,13);;<0>
0;66;(15,13);;<0>
0;67;(14,13);;<0>
0;68;(13,13);;<0>
0;69;(12,13);;<0>
0;70;(11,13);;<0>
0;71;(9,13);;<0>
0;72;(8,13);;<0>
0;73;(7,13);;<0>
0;74;(5,13);;<0>
0;75;(0,15);;<0>
0;76;(4,13);;<0>
0;77;(3,13);;<0>
0;78;(2,13);;<0>
0;79;(1,13);;<0>
0;80;(19,12);;<0>
0;81;(18,12);;<0>
0;82;(17,12);;<0>
0;83;(18,5);;<0>
0;84;(17,5);;<0>
0;85;(19,13);;<0>
0;86;(15,5);;<0>
0;87;(13,12);;<0>
0;88;(10,5);;<0>
0;89;(7,5);;<0>
0;90;(8,16);;<0>
0;91;(5,4);;<0>
0;92;(4,12);;<0>
0;93;(18,14);;<0>
0;94;(1,12);;<0>
0;95;(18,3);;<0>
0;96;(9,10);;<0>
0;97;(2,8);;<0>
0;98;(19,4);;<0>
0;99;(6,4);;<0>
0;100;(18,4);;<0>
0;101;(9,18);;<0>
0;102;(1,18);;<0>
0;103;(10,9);;<0>
0;104;(16,4);;<0>
0;105;(8,2);;<0>
0;106;(16,19);;<0>
0;107;(13,2);;<0>
0;108;(7,4);;<0>
0;109;(18,2);;<0>
0;110;(6,0);;<0>
0;111;(4,4);;<0>
0;112;(0,5);;<0>
0;113;(11,19);;<0>
0;114;(14,7);;<0>
0;115;(3,4);;<0>
0;116;(1,4);;<0>
0;117;(3,12);;<0>
0;118;(16,17);;<0>
0;119;(19,3);;<0>
0;120;(13,6);;<0>
0;121;(4,19);;<0>
0;122;(13,3);;<0>
0;123;(17,10);;<0>
0;124;(15,3);;<0>
0;125;(9,3);;<0>
0;126;(6,3);;<0>
0;127;(5,3);;<0>
0;128;(6,5);;<0>
0;129;(16,9);;<0>
0;130;(17,3);;<0>
0;131;(0,10);;<0>
0;132;(16,14);;<0>
0;133;(2,3);;<0>
0;134;(4,5);;<0>
0;135;(13,5);;<0>
0;136;(7,1);;<0>
0;137;(11,3);;<0>
0;138;(1,3);;<0>
0;139;(6,13);;<0>
0;140;(0,3);;<0>
0;141;(0,1);;<0>
0;142;(3,7);;<0>
0;143;(3,3);;<0>
0;144;(0,11);;<0>
0;145;(2,5);;<0>
0;146;(18,9);;<0>
0;147;(16,2);;<0>
0;148;(1,6);;<0>
0;149;(18,8);;<0>
0;150;(17,4);;<0>
0;151;(1,17);;<0>
0;152;(2,4);;<0>
0;153;(13,4);;<0>
0;154;(15,4);;<0>
0;155;(1,19);;<0>
0;156;(15,15);;<0>
0;157;(4,1);;<0>
0;158;(10,18);;<0>
0;159;(4,2);;<0>
0;160;(14,16);;<0>
0;161;(6,7);;<0>
0;162;(9,0);;<0>
0;163;(12,6);;<0>
0;164;(8,5);;<0>
0;165;(2,1);;<0>
0;166;(1,0);;<0>
0;167;(8,7);;<0>
0;168;(17,0);;<0>
0;169;(16,5);;<0>
0;170;(18,7);;<0>
0;171;(15,16);;<0>
0;172;(6,1);;<0>
0;173;(9,9);;<0>
0;174;(15,0);;<0>
0;175;(16,16);;<0>
0;176;(2,11);;<0>
0;177;(12,5);;<0>
0;178;(7,3);;<0>
0;179;(11,15);;<0>
0;180;(13,14);;<0>
0;181;(5,12);;<0>
0;182;(1,1);;<0>
0;183;(17,6);;<0>
0;184;(14,3);;<0>
0;185;(12,0);;<0>
0;186;(10,19);;<0>
0;187;(6,6);;<0>
0;188;(10,10);;<1>
0;189;(3,15);;<0>
0;190;(5,2);;<0>
0;191;(3,1);;<0>
0;192;(17,11);;<0>
0;193;(10,13);;<0>
0;194;(9,4);;<0>
0;195;(1,11);;<0>
0;196;(7,11);;<0>
0;197;(10,11);;<1>
0;198;(7,19);;<0>
0;199;(7,6);;<0>
0;200;(8,9);;<0>
0;201;(9,17);;<0>
0;202;(10,3);;<0>
0;203;(19,1);;<0>
0;204;(18,15);;<0>
0;205;(12,11);;<0>
0;206;(17,13);;<0>
0;207;(14,12);;<0>
0;208;(4,0);;<0>
0;209;(5,0);;<0>
0;210;(1,9);;<0>
0;211;(7,8);;<0>
0;212;(7,0);;<0>
0;213;(19,7);;<0>
0;214;(2,16);;<0>
0;215;(12,3);;<0>
0;216;(9,19);;<0>
0;217;(8,19);;<0>
0;218;(14,8);;<0>
0;219;(13,19);;<0>
0;220;(3,16);;<0>
0;221;(0,13);;<0>
0;222;(19,2);;<0>
0;223;(10,0);;<0>
0;224;(15,1);;<0>
0;225;(6,16);;<0>
0;226;(17,1);;<0>
0;227;(16,1);;<0>
0;228;(18,0);;<0>
0;229;(3,11);;<0>
0;230;(8,0);;<0>
0;231;(14,9);;<0>
0;232;(11,4);;<0>
0;233;(12,9);;<0>
0;234;(11,16);;<0>
0;235;(4,3);;<0>
0;236;(5,1);;<0>
0;237;(15,18);;<0>
0;238;(7,7);;<0>
0;239;(11,7);;<0>
0;240;(12,17);;<0>
0;241;(8,1);;<0>
0;242;(7,2);;<0>
0;243;(19,17);;<0>
0;244;(2,2);;<0>
0;245;(3,8);;<0>
0;246;(9,5);;<0>
0;247;(3,6);;<0>
0;248;(13,0);;<0>
0;249;(12,2);;<0>
0;250;(11,1);;<0>
0;251;(10,1);;<0>
0;252;(15,6);;<0>
0;253;(11,6);;<0>
0;254;(2,6);;<0>
0;255;(11,11);;<0>
0;256;(15,11);;<0>
0;257;(16,0);;<0>
0;258;(11,10);;<1>
0;259;(17,15);;<0>
0;260;(17,8);;<0>
0;261;(14,0);;<0>
0;262;(12,1);;<0>
0;263;(18,1);;<0>
0;264;(2,7);;<0>
0;265;(9,2);;<0>
0;266;(11,0);;<0>
0;267;(0,0);;<0>
0;268;(1,2);;<0>
0;269;(0,14);;<0>
0;270;(13,9);;<0>
0;271;(14,10);;<0>
0;272;(3,0);;<0>
0;273;(3,5);;<0>
0;274;(0,2);;<0>
0;275;(3,2);;<0>
0;276;(4,17);;<0>
0;277;(12,15);;<0>
0;278;(6,2);;<0>
0;279;(10,16);;<0>
0;280;(14,5);;<0>
0;281;(2,0);;<0>
0;282;(19,5);;<0>
0;283;(14,1);;<0>
0;284;(13,18);;<0>
0;285;(7,14);;<0>
0;286;(16,7);;<0>
0;287;(8,8);;<0>
0;288;(10,2);;<0>
0;289;(11,2);;<0>
0;290;(6,17);;<0>
0;291;(19,14);;<0>
0;292;(14,4);;<0>
0;293;(14,2);;<0>
0;294;(13,8);;<0>
0;295;(0,18);;<0>
0;296;(0,12);;<0>
0;297;(9,1);;<0>
0;298;(19,10);;<0>
0;299;(8,6);;<0>
0;300;(10,15);;<0>
0;301;(9,6);;<0>
0;302;(17,18);;<0>
0;303;(19,0);;<0>
0;304;(10,6);;<0>
0;305;(14,6);;<0>
0;306;(8,12);;<0>
0;307;(16,6);;<0>
0;308;(18,6);;<0>
0;309;(17,2);;<0>
0;310;(0,7);;<0>
0;311;(15,8);;<0>
0;312;(1,7);;<0>
0;313;(4,7);;<0>
0;314;(8,14);;<0>
0;315;(5,7);;<0>
0;316;(12,4);;<0>
0;317;(9,7);;<0>
0;318;(10,7);;<0>
0;319;(12,7);;<0>
0;320;(13,7);;<0>
0;321;(13,16);;<0>
0;322;(15,7);;<0>
0;323;(17,14);;<0>
0;324;(17,7);;<0>
0;325;(1,8);;<0>
0;326;(9,8);;<0>
0;327;(10,4);;<0>
0;328;(0,8);;<0>
0;329;(3,19);;<0>
0;330;(4,8);;<0>
0;331;(5,8);;<0>
0;332;(5,5);;<0>
0;333;(8,3);;<0>
0;334;(6,8);;<0>
0;335;(0,6);;<0>
0;336;(19,6);;<0>
0;337;(10,8);;<0>
0;338;(16,18);;<0>
0;339;(6,9);;<0>
0;340;(11,8);;<0>
0;341;(12,8);;<0>
0;342;(16,3);;<0>
0;343;(11,9);;<0>
0;344;(19,8);;<0>
0;345;(6,12);;<0>
0;346;(15,2);;<0>
0;347;(4,11);;<0>
0;348;(0,9);;<0>
0;349;(8,11);;<0>
0;350;(2,9);;<0>
0;351;(3,9);;<0>
0;352;(4,9);;<0>
0;353;(5,9);;<0>
0;354;(4,10);;<0>
0;355;(8,4);;<0>
0;356;(7,9);;<0>
0;357;(5,18);;<0>
0;358;(15,9);;<0>
0;359;(17,9);;<0>
0;360;(19,9);;<0>
0;361;(1,10);;<0>
0;362;(13,17);;<0>
0;363;(1,14);;<0>
0;364;(2,10);;<0>
0;365;(3,10);;<0>
0;366;(5,10);;<0>
0;367;(6,10);;<0>
0;368;(19,11);;<0>
0;369;(15,14);;<0>
0;370;(7,10);;<0>
0;371;(8,10);;<0>
0;372;(9,11);;<0>
0;373;(12,10);;<0>
0;374;(16,12);;<0>
0;375;(13,10);;<0>
0;376;(7,12);;<0>
0;377;(18,18);;<0>
0;378;(15,10);;<0>
0;379;(16,10);;<0>
0;380;(0,4);;<0>
0;381;(2,12);;<0>
0;382;(12,19);;<0>
0;383;(18,10);;<0>
0;384;(9,12);;<0>
0;385;(5,11);;<0>
0;386;(16,11);;<0>
0;387;(11,5);;<0>
0;388;(4,6);;<0>
0;389;(6,11);;<0>
0;390;(1,5);;<0>
0;391;(5,6);;<0>
0;392;(14,11);;<0>
0;393;(18,11);;<0>
0;394;(13,1);;<0>
0;395;(16,8);;<0>
0;396;(10,12);;<0>
0;397;(13,11);;<0>
0;398;(11,12);;<0>
0;399;(12,12);;<0>
0;400;(15,12);;<0>
0;1;(19,19);outputNeighborhood;<0>
0;1;(19,19);;<0>
0;2;(18,19);outputNeighborhood;<0>
0;2;(18,19);;<0>
0;3;(17,19);outputNeighborhood;<0>
0;3;(17,19);;<0>
0;4;(15,19);outputNeighborhood;<0>
0;4;(15,19);;<0>
0;5;(14,19);outputNeighborhood;<0>
0;5;(14,19);;<0>
0;6;(6,19);outputNeighborhood;<0>
0;6;(6,19);;<0>
0;7;(5,19);outputNeighborhood;<0>
0;7;(5,19);;<0>
0;8;(2,19);outputNeighborhood;<0>
0;8;(2,19);;<0>
0;9;(0,19);outputNeighborhood;<0>
0;9;(0,19);;<0>
0;10;(19,18);outputNeighborhood;<0>
0;10;(19,18);;<0>
0;11;(14,18);outputNeighborhood;<0>
0;11;(14,18);;<0>
0;12;(12,18);outputNeighborhood;<0>
0;12;(12,18);;<0>
0;13;(11,18);outputNeighborhood;<0>
0;13;(11,18);;<0>
0;14;(8,18);outputNeighborhood;<0>
0;14;(8,18);;<0>
0;15;(6,18);outputNeighborhood;<0>
0;15;(6,18);;<0>
0;16;(4,18);outputNeighborhood;<0>
0;16;(4,18);;<0>
0;17;(3,18);outputNeighborhood;<0>
0;17;(3,18);;<0>
0;18;(2,18);outputNeighborhood;<0>
0;18;(2,18);;<0>
0;19;(18,17);outputNeighborhood;<0>
0;19;(18,17);;<0>
0;20;(17,17);outputNeighborhood;<0>
0;20;(17,17);;<0>
0;21;(15,17);outputNeighborhood;<0>
0;21;(15,17);;<0>
0;22;(14,17);outputNeighborhood;<0>
0;22;(14,17);;<0>
0;23;(11,17);outputNeighborhood;<0>
0;23;(11,17);;<0>
0;24;(10,17);outputNeighborhood;<0>
0;24;(10,17);;<0>
0;25;(7,17);outputNeighborhood;<0>
0;25;(7,17);;<0>
0;26;(5,17);outputNeighborhood;<0>
0;26;(5,17);;<0>
0;27;(3,17);outputNeighborhood;<0>
0;27;(3,17);;<0>
0;28;(2,17);outputNeighborhood;<0>
0;28;(2,17);;<0>
0;29;(0,17);outputNeighborhood;<0>
0;29;(0,17);;<0>
0;30;(19,16);outputNeighborhood;<0>
0;30;(19,16);;<0>
0;31;(18,16);outputNeighborhood;<0>
0;31;(18,16);;<0>
0;32;(17,16);outputNeighborhood;<0>
0;32;(17,16);;<0>
0;33;(12,16);outputNeighborhood;<0>
0;33;(12,16);;<0>
0;34;(7,18);outputNeighborhood;<0>
0;34;(7,18);;<0>
0;35;(9,16);outputNeighborhood;<0>
0;35;(9,16);;<0>
0;36;(7,16);outputNeighborhood;<0>
0;36;(7,16);;<0>
0;37;(5,16);outputNeighborhood;<0>
0;37;(5,16);;<0>
0;38;(4,16);outputNeighborhood;<0>
0;38;(4,16);;<0>
0;39;(1,16);outputNeighborhood;<0>
0;39;(1,16);;<0>
0;40;(0,16);outputNeighborhood;<0>
0;40;(0,16);;<0>
0;41;(19,15);outputNeighborhood;<0>
0;41;(19,15);;<0>
0;42;(16,15);outputNeighborhood;<0>
0;42;(16,15);;<0>
0;43;(14,15);outputNeighborhood;<0>
0;43;(14,15);;<0>
0;44;(13,15);outputNeighborhood;<0>
0;44;(13,15);;<0>
0;45;(9,15);outputNeighborhood;<0>
0;45;(9,15);;<0>
0;46;(6,15);outputNeighborhood;<0>
0;46;(6,15);;<0>
0;47;(5,15);outputNeighborhood;<0>
0;47;(5,15);;<0>
0;48;(4,15);outputNeighborhood;<0>
0;48;(4,15);;<0>
0;49;(2,15);outputNeighborhood;<0>
0;49;(2,15);;<0>
0;50;(1,15);outputNeighborhood;<0>
0;50;(1,15);;<0>
0;51;(7,15);outputNeighborhood;<0>
0;51;(7,15);;<0>
0;52;(14,14);outputNeighborhood;<0>
0;52;(14,14);;<0>
0;53;(12,14);outputNeighborhood;<0>
0;53;(12,14);;<0>
0;54;(11,14);outputNeighborhood;<0>
0;54;(11,14);;<0>
0;55;(10,14);outputNeighborhood;<0>
0;55;(10,14);;<0>
0;56;(9,14);outputNeighborhood;<0>
0;56;(9,14);;<0>
0;57;(6,14);outputNeighborhood;<0>
0;57;(6,14);;<0>
0;58;(5,14);outputNeighborhood;<0>
0;58;(5,14);;<0>
0;59;(4,14);outputNeighborhood;<0>
0;59;(4,14);;<0>
0;60;(3,14);outputNeighborhood;<0>
0;60;(3,14);;<0>
0;61;(8,15);outputNeighborhood;<0>
0;61;(8,15);;<0>
0;62;(2,14);outputNeighborhood;<0>
0;62;(2,14);;<0>
0;63;(8,17);outputNeighborhood;<0>
0;63;(8,17);;<0>
0;64;(18,13);outputNeighborhood;<0>
0;64;(18,13);;<0>
0;65;(16,13);outputNeighborhood;<0>
0;65;(16,13);;<0>
0;66;(15,13);outputNeighborhood;<0>
0;66;(15,13);;<0>
0;67;(14,13);outputNeighborhood;<0>
0;67;(14,13);;<0>
0;68;(13,13);outputNeighborhood;<0>
0;68;(13,13);;<0>
0;69;(12,13);outputNeighborhood;<0>
0;69;(12,13);;<0>
0;70;(11,13);outputNeighborhood;<0>
0;70;(11,13);;<0>
0;71;(9,13);outputNeighborhood;<0>
0;71;(9,13);;<0>
0;72;(8,13);outputNeighborhood;<0>
0;72;(8,13);;<0>
0;73;(7,13);outputNeighborhood;<0>
0;73;(7,13);;<0>
0;74;(5,13);outputNeighborhood;<0>
0;74;(5,13);;<0>
0;75;(0,15);outputNeighborhood;<0>
0;75;(0,15);;<0>
0;76;(4,13);outputNeighborhood;<0>
0;76;(4,13);;<0>
0;77;(3,13);outputNeighborhood;<0>
0;77;(3,13);;<0>
0;78;(2,13);outputNeighborhood;<0>
0;78;(2,13);;<0>
0;79;(1,13);outputNeighborhood;<0>
0;79;(1,13);;<0>
0;80;(19,12);outputNeighborhood;<0>
0;80;(19,12);;<0>
0;81;(18,12);outputNeighborhood;<0>
0;81;(18,12);;<0>
0;82;(17,12);outputNeighborhood;<0>
0;82;(17,12);;<0>
0;83;(18,5);outputNeighborhood;<0>
0;83;(18,5);;<0>
0;84;(17,5);outputNeighborhood;<0>
0;84;(17,5);;<0>
0;85;(19,13);outputNeighborhood;<0>
0;85;(19,13);;<0>
0;86;(15,5);outputNeighborhood;<0>
0;86;(15,5);;<0>
0;87;(13,12);outputNeighborhood;<0>
0;87;(13,12);;<0>
0;88;(10,5);outputNeighborhood;<0>
0;88;(10,5);;<0>
0;89;(7,5);outputNeighborhood;<0>
0;89;(7,5);;<0>
0;90;(8,16);outputNeighborhood;<0>
0;90;(8,16);;<0>
0;91;(5,4);outputNeighborhood;<0>
0;91;(5,4);;<0>
0;92;(4,12);outputNeighborhood;<0>
0;92;(4,12);;<0>
0;93;(18,14);outputNeighborhood;<0>
0;93;(18,14);;<0>
0;94;(1,12);outputNeighborhood;<0>
0;94;(1,12);;<0>
0;95;(18,3);outputNeighborhood;<0>
0;95;(18,3);;<0>
0;96;(9,10);outputNeighborhood;<0>
0;96;(9,10);;<1>
0;97;(2,8);outputNeighborhood;<0>
0;97;(2,8);;<0>
0;98;(19,4);outputNeighborhood;<0>
0;98;(19,4);;<0>
0;99;(6,4);outputNeighborhood;<0>
0;99;(6,4);;<0>
0;100;(18,4);outputNeighborhood;<0>
0;100;(18,4);;<0>
0;101;(9,18);outputNeighborhood;<0>
0;101;(9,18);;<0>
0;102;(1,18);outputNeighborhood;<0>
0;102;(1,18);;<0>
0;103;(10,9);outputNeighborhood;<0>
0;103;(10,9);;<1>
0;104;(16,4);outputNeighborhood;<0>
0;104;(16,4);;<0>
0;105;(8,2);outputNeighborhood;<0>
0;105;(8,2);;<0>
0;106;(16,19);outputNeighborhood;<0>
0;106;(16,19);;<0>
0;107;(13,2);outputNeighborhood;<0>
0;107;(13,2);;<0>
0;108;(7,4);outputNeighborhood;<0>
0;108;(7,4);;<0>
0;109;(18,2);outputNeighborhood;<0>
0;109;(18,2);;<0>
0;110;(6,0);outputNeighborhood;<0>
0;110;(6,0);;<0>
0;111;(4,4);outputNeighborhood;<0>
0;111;(4,4);;<0>
0;112;(0,5);outputNeighborhood;<0>
0;112;(0,5);;<0>
0;113;(11,19);outputNeighborhood;<0>
0;113;(11,19);;<0>
0;114;(14,7);outputNeighborhood;<0>
0;114;(14,7);;<0>
0;115;(3,4);outputNeighborhood;<0>
0;115;(3,4);;<0>
0;116;(1,4);outputNeighborhood;<0>
0;116;(1,4);;<0>
0;117;(3,12);outputNeighborhood;<0>
0;117;(3,12);;<0>
0;118;(16,17);outputNeighborhood;<0>
0;118;(16,17);;<0>
0;119;(19,3);outputNeighborhood;<0>
0;119;(19,3);;<0>
0;120;(13,6);outputNeighborhood;<0>
0;120;(13,6);;<0>
0;121;(4,19);outputNeighborhood;<0>
0;121;(4,19);;<0>
0;122;(13,3);outputNeighborhood;<0>
0;122;(13,3);;<0>
0;123;(17,10);outputNeighborhood;<0>
0;123;(17,10);;<0>
0;124;(15,3);outputNeighborhood;<0>
0;124;(15,3);;<0>
0;125;(9,3);outputNeighborhood;<0>
0;125;(9,3);;<0>
0;126;(6,3);outputNeighborhood;<0>
0;126;(6,3);;<0>
0;127;(5,3);outputNeighborhood;<0>
0;127;(5,3);;<0>
0;128;(6,5);outputNeighborhood;<0>
0;128;(6,5);;<0>
0;129;(16,9);outputNeighborhood;<0>
0;129;(16,9);;<0>
0;130;(17,3);outputNeighborhood;<0>
0;130;(17,3);;<0>
0;131;(0,10);outputNeighborhood;<0>
0;131;(0,10);;<0>
0;132;(16,14);outputNeighborhood;<0>
0;132;(16,14);;<0>
0;133;(2,3);outputNeighborhood;<0>
0;133;(2,3);;<0>
0;134;(4,5);outputNeighborhood;<0>
0;134;(4,5);;<0>
0;135;(13,5);outputNeighborhood;<0>
0;135;(13,5);;<0>
0;136;(7,1);outputNeighborhood;<0>
0;136;(7,1);;<0>
0;137;(11,3);outputNeighborhood;<0>
0;137;(11,3);;<0>
0;138;(1,3);outputNeighborhood;<0>
0;138;(1,3);;<0>
0;139;(6,13);outputNeighborhood;<0>
0;139;(6,13);;<0>
0;140;(0,3);outputNeighborhood;<0>
0;140;(0,3);;<0>
0;141;(0,1);outputNeighborhood;<0>
0;141;(0,1);;<0>
0;142;(3,7);outputNeighborhood;<0>
0;142;(3,7);;<0>
0;143;(3,3);outputNeighborhood;<0>
0;143;(3,3);;<0>
0;144;(0,11);outputNeighborhood;<0>
0;144;(0,11);;<0>
0;145;(2,5);outputNeighborhood;<0>
0;145;(2,5);;<0>
0;146;(18,9);outputNeighborhood;<0>
0;146;(18,9);;<0>
0;147;(16,2);outputNeighborhood;<0>
0;147;(16,2);;<0>
0;148;(1,6);outputNeighborhood;<0>
0;148;(1,6);;<0>
0;149;(18,8);outputNeighborhood;<0>
0;149;(18,8);;<0>
0;150;(17,4);outputNeighborhood;<0>
0;150;(17,4);;<0>
0;151;(1,17);outputNeighborhood;<0>
0;151;(1,17);;<0>
0;152;(2,4);outputNeighborhood;<0>
0;152;(2,4);;<0>
0;153;(13,4);outputNeighborhood;<0>
0;153;(13,4);;<0>
0;154;(15,4);outputNeighborhood;<0>
0;154;(15,4);;<0>
0;155;(1,19);outputNeighborhood;<0>
0;155;(1,19);;<0>
0;156;(15,15);outputNeighborhood;<0>
0;156;(15,15);;<0>
0;157;(4,1);outputNeighborhood;<0>
0;157;(4,1);;<0>
0;158;(10,18);outputNeighborhood;<0>
0;158;(10,18);;<0>
0;159;(4,2);outputNeighborhood;<0>
0;159;(4,2);;<0>
0;160;(14,16);outputNeighborhood;<0>
0;160;(14,16);;<0>
0;161;(6,7);outputNeighborhood;<0>
0;161;(6,7);;<0>
0;162;(9,0);outputNeighborhood;<0>
0;162;(9,0);;<0>
0;163;(12,6);outputNeighborhood;<0>
0;163;(12,6);;<0>
0;164;(8,5);outputNeighborhood;<0>
0;164;(8,5);;<0>
0;165;(2,1);outputNeighborhood;<0>
0;165;(2,1);;<0>
0;166;(1,0);outputNeighborhood;<0>
0;166;(1,0);;<0>
0;167;(8,7);outputNeighborhood;<0>
0;167;(8,7);;<0>
0;168;(17,0);outputNeighborhood;<0>
0;168;(17,0);;<0>
0;169;(16,5);outputNeighborhood;<0>
0;169;(16,5);;<0>
0;170;(18,7);outputNeighborhood;<0>
0;170;(18,7);;<0>
0;171;(15,16);outputNeighborhood;<0>
0;171;(15,16);;<0>
0;172;(6,1);outputNeighborhood;<0>
0;172;(6,1);;<0>
0;173;(9,9);outputNeighborhood;<0>
0;173;(9,9);;<0>
0;174;(15,0);outputNeighborhood;<0>
0;174;(15,0);;<0>
0;175;(16,16);outputNeighborhood;<0>
0;175;(16,16);;<0>
0;176;(2,11);outputNeighborhood;<0>
0;176;(2,11);;<0>
0;177;(12,5);outputNeighborhood;<0>
0;177;(12,5);;<0>
0;178;(7,3);outputNeighborhood;<0>
0;178;(7,3);;<0>
0;179;(11,15);outputNeighborhood;<0>
0;179;(11,15);;<0>
0;180;(13,14);outputNeighborhood;<0>
0;180;(13,14);;<0>
0;181;(5,12);outputNeighborhood;<0>
0;181;(5,12);;<0>
0;182;(1,1);outputNeighborhood;<0>
0;182;(1,1);;<0>
0;183;(17,6);outputNeighborhood;<0>
0;183;(17,6);;<0>
0;184;(14,3);outputNeighborhood;<0>
0;184;(14,3);;<0>
0;185;(12,0);outputNeighborhood;<0>
0;185;(12,0);;<0>
0;186;(10,19);outputNeighborhood;<0>
0;186;(10,19);;<0>
0;187;(6,6);outputNeighborhood;<0>
0;187;(6,6);;<0>
0;188;(10,10);outputNeighborhood;<1>
0;188;(10,10);;<2>
0;189;(3,15);outputNeighborhood;<0>
0;189;(3,15);;<0>
0;190;(5,2);outputNeighborhood;<0>
0;190;(5,2);;<0>
0;191;(3,1);outputNeighborhood;<0>
0;191;(3,1);;<0>
0;192;(17,11);outputNeighborhood;<0>
0;192;(17,11);;<0>
0;193;(10,13);outputNeighborhood;<0>
0;193;(10,13);;<0>
0;194;(9,4);outputNeighborhood;<0>
0;194;(9,4);;<0>
0;195;(1,11);outputNeighborhood;<0>
0;195;(1,11);;<0>
0;196;(7,11);outputNeighborhood;<0>
0;196;(7,11);;<0>
0;197;(10,11);outputNeighborhood;<1>
0;197;(10,11);;<2>
0;198;(7,19);outputNeighborhood;<0>
0;198;(7,19);;<0>
0;199;(7,6);outputNeighborhood;<0>
0;199;(7,6);;<0>
0;200;(8,9);outputNeighborhood;<0>
0;200;(8,9);;<0>
0;201;(9,17);outputNeighborhood;<0>
0;201;(9,17);;<0>
0;202;(10,3);outputNeighborhood;<0>
0;202;(10,3);;<0>
0;203;(19,1);outputNeighborhood;<0>
0;203;(19,1);;<0>
0;204;(18,15);outputNeighborhood;<0>
0;204;(18,15);;<0>
0;205;(12,11);outputNeighborhood;<0>
0;205;(12,11);;<0>
0;206;(17,13);outputNeighborhood;<0>
0;206;(17,13);;<0>
0;207;(14,12);outputNeighborhood;<0>
0;207;(14,12);;<0>
0;208;(4,0);outputNeighborhood;<0>
0;208;(4,0);;<0>
0;209;(5,0);outputNeighborhood;<0>
0;209;(5,0);;<0>
0;210;(1,9);outputNeighborhood;<0>
0;210;(1,9);;<0>
0;211;(7,8);outputNeighborhood;<0>
0;211;(7,8);;<0>
0;212;(7,0);outputNeighborhood;<0>
0;212;(7,0);;<0>
0;213;(19,7);outputNeighborhood;<0>
0;213;(19,7);;<0>
0;214;(2,16);outputNeighborhood;<0>
0;214;(2,16);;<0>
0;215;(12,3);outputNeighborhood;<0>
0;215;(12,3);;<0>
0;216;(9,19);outputNeighborhood;<0>
0;216;(9,19);;<0>
0;217;(8,19);outputNeighborhood;<0>
0;217;(8,19);;<0>
0;218;(14,8);outputNeighborhood;<0>
0;218;(14,8);;<0>
0;219;(13,19);outputNeighborhood;<0>
0;219;(13,19);;<0>
0;220;(3,16);outputNeighborhood;<0>
0;220;(3,16);;<0>
0;221;(0,13);outputNeighborhood;<0>
0;221;(0,13);;<0>
0;222;(19,2);outputNeighborhood;<0>
0;222;(19,2);;<0>
0;223;(10,0);outputNeighborhood;<0>
0;223;(10,0);;<0>
0;224;(15,1);outputNeighborhood;<0>
0;224;(15,1);;<0>
0;225;(6,16);outputNeighborhood;<0>
0;225;(6,16);;<0>
0;226;(17,1);outputNeighborhood;<0>
0;226;(17,1);;<0>
0;227;(16,1);outputNeighborhood;<0>
0;227;(16,1);;<0>
0;228;(18,0);outputNeighborhood;<0>
0;228;(18,0);;<0>
0;229;(3,11);outputNeighborhood;<0>
0;229;(3,11);;<0>
0;230;(8,0);outputNeighborhood;<0>
0;230;(8,0);;<0>
0;231;(14,9);outputNeighborhood;<0>
0;231;(14,9);;<0>
0;232;(11,4);outputNeighborhood;<0>
0;232;(11,4);;<0>
0;233;(12,9);outputNeighborhood;<0>
0;233;(12,9);;<0>
0;234;(11,16);outputNeighborhood;<0>
0;234;(11,16);;<0>
0;235;(4,3);outputNeighborhood;<0>
0;235;(4,3);;<0>
0;236;(5,1);outputNeighborhood;<0>
0;236;(5,1);;<0>
0;237;(15,18);outputNeighborhood;<0>
0;237;(15,18);;<0>
0;238;(7,7);outputNeighborhood;<0>
0;238;(7,7);;<0>
0;239;(11,7);outputNeighborhood;<0>
0;239;(11,7);;<0>
0;240;(12,17);outputNeighborhood;<0>
0;240;(12,17);;<0>
0;241;(8,1);outputNeighborhood;<0>
0;241;(8,1);;<0>
0;242;(7,2);outputNeighborhood;<0>
0;242;(7,2);;<0>
0;243;(19,17);outputNeighborhood;<0>
0;243;(19,17);;<0>
0;244;(2,2);outputNeighborhood;<0>
0;244;(2,2);;<0>
0;245;(3,8);outputNeighborhood;<0>
0;245;(3,8);;<0>
0;246;(9,5);outputNeighborhood;<0>
0;246;(9,5);;<0>
0;247;(3,6);outputNeighborhood;<0>
0;247;(3,6);;<0>
0;248;(13,0);outputNeighborhood;<0>
0;248;(13,0);;<0>
0;249;(12,2);outputNeighborhood;<0>
0;249;(12,2);;<0>
0;250;(11,1);outputNeighborhood;<0>
0;250;(11,1);;<0>
0;251;(10,1);outputNeighborhood;<0>
0;251;(10,1);;<0>
0;252;(15,6);outputNeighborhood;<0>
0;252;(15,6);;<0>
0;253;(11,6);outputNeighborhood;<0>
0;253;(11,6);;<0>
0;254;(2,6);outputNeighborhood;<0>
0;254;(2,6);;<0>
0;255;(11,11);outputNeighborhood;<0>
0;255;(11,11);;<0>
0;256;(15,11);outputNeighborhood;<0>
0;256;(15,11);;<0>
0;257;(16,0);outputNeighborhood;<0>
0;257;(16,0);;<0>
0;258;(11,10);outputNeighborhood;<1>
0;258;(11,10);;<2>
0;259;(17,15);outputNeighborhood;<0>
0;259;(17,15);;<0>
0;260;(17,8);outputNeighborhood;<0>
0;260;(17,8);;<0>
0;261;(14,0);outputNeighborhood;<0>
0;261;(14,0);;<0>
0;262;(12,1);outputNeighborhood;<0>
0;262;(12,1);;<0>
0;263;(18,1);outputNeighborhood;<0>
0;263;(18,1);;<0>
0;264;(2,7);outputNeighborhood;<0>
0;264;(2,7);;<0>
0;265;(9,2);outputNeighborhood;<0>
0;265;(9,2);;<0>
0;266;(11,0);outputNeighborhood;<0>
0;266;(11,0);;<0>
0;267;(0,0);outputNeighborhood;<0>
0;267;(0,0);;<0>
0;268;(1,2);outputNeighborhood;<0>
0;268;(1,2);;<0>
0;269;(0,14);outputNeighborhood;<0>
0;269;(0,14);;<0>
0;270;(13,9);outputNeighborhood;<0>
0;270;(13,9);;<0>
0;271;(14,10);outputNeighborhood;<0>
0;271;(14,10);;<0>
0;272;(3,0);outputNeighborhood;<0>
0;272;(3,0);;<0>
0;273;(3,5);outputNeighborhood;<0>
0;273;(3,5);;<0>
0;274;(0,2);outputNeighborhood;<0>
0;274;(0,2);;<0>
0;275;(3,2);outputNeighborhood;<0>
0;275;(3,2);;<0>
0;276;(4,17);outputNeighborhood;<0>
0;276;(4,17);;<0>
0;277;(12,15);outputNeighborhood;<0>
0;277;(12,15);;<0>
0;278;(6,2);outputNeighborhood;<0>
0;278;(6,2);;<0>
0;279;(10,16);outputNeighborhood;<0>
0;279;(10,16);;<0>
0;280;(14,5);outputNeighborhood;<0>
0;280;(14,5);;<0>
0;281;(2,0);outputNeighborhood;<0>
0;281;(2,0);;<0>
0;282;(19,5);outputNeighborhood;<0>
0;282;(19,5);;<0>
0;283;(14,1);outputNeighborhood;<0>
0;283;(14,1);;<0>
0;284;(13,18);outputNeighborhood;<0>
0;284;(13,18);;<0>
0;285;(7,14);outputNeighborhood;<0>
0;285;(7,14);;<0>
0;286;(16,7);outputNeighborhood;<0>
0;286;(16,7);;<0>
0;287;(8,8);outputNeighborhood;<0>
0;287;(8,8);;<0>
0;288;(10,2);outputNeighborhood;<0>
0;288;(10,2);;<0>
0;289;(11,2);outputNeighborhood;<0>
0;289;(11,2);;<0>
0;290;(6,17);outputNeighborhood;<0>
0;290;(6,17);;<0>
0;291;(19,14);outputNeighborhood;<0>
0;291;(19,14);;<0>
0;292;(14,4);outputNeighborhood;<0>
0;292;(14,4);;<0>
0;293;(14,2);outputNeighborhood;<0>
0;293;(14,2);;<0>
0;294;(13,8);outputNeighborhood;<0>
0;294;(13,8);;<0>
0;295;(0,18);outputNeighborhood;<0>
0;295;(0,18);;<0>
0;296;(0,12);outputNeighborhood;<0>
0;296;(0,12);;<0>
0;297;(9,1);outputNeighborhood;<0>
0;297;(9,1);;<0>
0;298;(19,10);outputNeighborhood;<0>
0;298;(19,10);;<0>
0;299;(8,6);outputNeighborhood;<0>
0;299;(8,6);;<0>
0;300;(10,15);outputNeighborhood;<0>
0;300;(10,15);;<0>
0;301;(9,6);outputNeighborhood;<0>
0;301;(9,6);;<0>
0;302;(17,18);outputNeighborhood;<0>
0;302;(17,18);;<0>
0;303;(19,0);outputNeighborhood;<0>
0;303;(19,0);;<0>
0;304;(10,6);outputNeighborhood;<0>
0;304;(10,6);;<0>
0;305;(14,6);outputNeighborhood;<0>
0;305;(14,6);;<0>
0;306;(8,12);outputNeighborhood;<0>
0;306;(8,12);;<0>
0;307;(16,6);outputNeighborhood;<0>
0;307;(16,6);;<0>
0;308;(18,6);outputNeighborhood;<0>
0;308;(18,6);;<0>
0;309;(17,2);outputNeighborhood;<0>
0;309;(17,2);;<0>
0;310;(0,7);outputNeighborhood;<0>
0;310;(0,7);;<0>
0;311;(15,8);outputNeighborhood;<0>
0;311;(15,8);;<0>
0;312;(1,7);outputNeighborhood;<0>
0;312;(1,7);;<0>
0;313;(4,7);outputNeighborhood;<0>
0;313;(4,7);;<0>
0;314;(8,14);outputNeighborhood;<0>
0;314;(8,14);;<0>
0;315;(5,7);outputNeighborhood;<0>
0;315;(5,7);;<0>
0;316;(12,4);outputNeighborhood;<0>
0;316;(12,4);;<0>
0;317;(9,7);outputNeighborhood;<0>
0;317;(9,7);;<0>
0;318;(10,7);outputNeighborhood;<0>
0;318;(10,7);;<0>
0;319;(12,7);outputNeighborhood;<0>
0;319;(12,7);;<0>
0;320;(13,7);outputNeighborhood;<0>
0;320;(13,7);;<0>
0;321;(13,16);outputNeighborhood;<0>
0;321;(13,16);;<0>
0;322;(15,7);outputNeighborhood;<0>
0;322;(15,7);;<0>
0;323;(17,14);outputNeighborhood;<0>
0;323;(17,14);;<0>
0;324;(17,7);outputNeighborhood;<0>
0;324;(17,7);;<0>
0;325;(1,8);outputNeighborhood;<0>
0;325;(1,8);;<0>
0;326;(9,8);outputNeighborhood;<0>
0;326;(9,8);;<0>
0;327;(10,4);outputNeighborhood;<0>
0;327;(10,4);;<0>
0;328;(0,8);outputNeighborhood;<0>
0;328;(0,8);;<0>
0;329;(3,19);outputNeighborhood;<0>
0;329;(3,19);;<0>
0;330;(4,8);outputNeighborhood;<0>
0;330;(4,8);;<0>
0;331;(5,8);outputNeighborhood;<0>
0;331;(5,8);;<0>
0;332;(5,5);outputNeighborhood;<0>
0;332;(5,5);;<0>
0;333;(8,3);outputNeighborhood;<0>
0;333;(8,3);;<0>
0;334;(6,8);outputNeighborhood;<0>
0;334;(6,8);;<0>
0;335;(0,6);outputNeighborhood;<0>
0;335;(0,6);;<0>
0;336;(19,6);outputNeighborhood;<0>
0;336;(19,6);;<0>
0;337;(10,8);outputNeighborhood;<0>
0;337;(10,8);;<0>
0;338;(16,18);outputNeighborhood;<0>
0;338;(16,18);;<0>
0;339;(6,9);outputNeighborhood;<0>
0;339;(6,9);;<0>
0;340;(11,8);outputNeighborhood;<0>
0;340;(11,8);;<0>
0;341;(12,8);outputNeighborhood;<0>
0;341;(12,8);;<0>
0;342;(16,3);outputNeighborhood;<0>
0;342;(16,3);;<0>
0;343;(11,9);outputNeighborhood;<0>
0;343;(11,9);;<1>
0;344;(19,8);outputNeighborhood;<0>
0;344;(19,8);;<0>
0;345;(6,12);outputNeighborhood;<0>
0;345;(6,12);;<0>
0;346;(15,2);outputNeighborhood;<0>
0;346;(15,2);;<0>
0;347;(4,11);outputNeighborhood;<0>
0;347;(4,11);;<0>
0;348;(0,9);outputNeighborhood;<0>
0;348;(0,9);;<0>
0;349;(8,11);outputNeighborhood;<0>
0;349;(8,11);;<0>
0;350;(2,9);outputNeighborhood;<0>
0;350;(2,9);;<0>
0;351;(3,9);outputNeighborhood;<0>
0;351;(3,9);;<0>
0;352;(4,9);outputNeighborhood;<0>
0;352;(4,9);;<0>
0;353;(5,9);outputNeighborhood;<0>
0;353;(5,9);;<0>
0;354;(4,10);outputNeighborhood;<0>
0;354;(4,10);;<0>
0;355;(8,4);outputNeighborhood;<0>
0;355;(8,4);;<0>
0;356;(7,9);outputNeighborhood;<0>
0;356;(7,9);;<0>
0;357;(5,18);outputNeighborhood;<0>
0;357;(5,18);;<0>
0;358;(15,9);outputNeighborhood;<0>
0;358;(15,9);;<0>
0;359;(17,9);outputNeighborhood;<0>
0;359;(17,9);;<0>
0;360;(19,9);outputNeighborhood;<0>
0;360;(19,9);;<0>
0;361;(1,10);outputNeighborhood;<0>
0;361;(1,10);;<0>
0;362;(13,17);outputNeighborhood;<0>
0;362;(13,17);;<0>
0;363;(1,14);outputNeighborhood;<0>
0;363;(1,14);;<0>
0;364;(2,10);outputNeighborhood;<0>
0;364;(2,10);;<0>
0;365;(3,10);outputNeighborhood;<0>
0;365;(3,10);;<0>
0;366;(5,10);outputNeighborhood;<0>
0;366;(5,10);;<0>
0;367;(6,10);outputNeighborhood;<0>
0;367;(6,10);;<0>
0;368;(19,11);outputNeighborhood;<0>
0;368;(19,11);;<0>
0;369;(15,14);outputNeighborhood;<0>
0;369;(15,14);;<0>
0;370;(7,10);outputNeighborhood;<0>
0;370;(7,10);;<0>
0;371;(8,10);outputNeighborhood;<0>
0;371;(8,10);;<0>
0;372;(9,11);outputNeighborhood;<0>
0;372;(9,11);;<1>
0;373;(12,10);outputNeighborhood;<0>
0;373;(12,10);;<1>
0;374;(16,12);outputNeighborhood;<0>
0;374;(16,12);;<0>
0;375;(13,10);outputNeighborhood;<0>
0;375;(13,10);;<0>
0;376;(7,12);outputNeighborhood;<0>
0;376;(7,12);;<0>
0;377;(18,18);outputNeighborhood;<0>
0;377;(18,18);;<0>
0;378;(15,10);outputNeighborhood;<0>
0;378;(15,10);;<0>
0;379;(16,10);outputNeighborhood;<0>
0;379;(16,10);;<0>
0;380;(0,4);outputNeighborhood;<0>
0;380;(0,4);;<0>
0;381;(2,12);outputNeighborhood;<0>
0;381;(2,12);;<0>
0;382;(12,19);outputNeighborhood;<0>
0;382;(12,19);;<0>
0;383;(18,10);outputNeighborhood;<0>
0;383;(18,10);;<0>
0;384;(9,12);outputNeighborhood;<0>
0;384;(9,12);;<0>
0;385;(5,11);outputNeighborhood;<0>
0;385;(5,11);;<0>
0;386;(16,11);outputNeighborhood;<0>
0;386;(16,11);;<0>
0;387;(11,5);outputNeighborhood;<0>
0;387;(11,5);;<0>
0;388;(4,6);outputNeighborhood;<0>
0;388;(4,6);;<0>
0;389;(6,11);outputNeighborhood;<0>
0;389;(6,11);;<0>
0;390;(1,5);outputNeighborhood;<0>
0;390;(1,5);;<0>
0;391;(5,6);outputNeighborhood;<0>
0;391;(5,6);;<0>
0;392;(14,11);outputNeighborhood;<0>
0;392;(14,11);;<0>
0;393;(18,11);outputNeighborhood;<0>
0;393;(18,11);;<0>
0;394;(13,1);outputNeighborhood;<0>
0;394;(13,1);;<0>
0;395;(16,8);outputNeighborhood;<0>
0;395;(16,8);;<0>
0;396;(10,12);outputNeighborhood;<0>
0;396;(10,12);;<1>
0;397;(13,11);outputNeighborhood;<0>
0;397;(13,11);;<0>
0;398;(11,12);outputNeighborhood;<0>
0;398;(11,12);;<0>
0;399;(12,12);outputNeighborhood;<0>
0;399;(12,12);;<0>
0;400;(15,12);outputNeighborhood;<0>
0;400;(15,12);;<0>
100;96;(9,10);outputNeighborhood;<1>
100;96;(9,10);;<2>
100;103;(10,9);outputNeighborhood;<1>
100;103;(10,9);;<2>
100;173;(9,9);;<0>
100;188;(10,10);outputNeighborhood;<2>
100;188;(10,10);;<2>
100;193;(10,13);;<1>
100;197;(10,11);outputNeighborhood;<2>
100;197;(10,11);;<2>
100;205;(12,11);;<1>
100;233;(12,9);;<0>
100;255;(11,11);;<0>
100;258;(11,10);outputNeighborhood;<2>
100;258;(11,10);;<2>
100;337;(10,8);;<1>
100;340;(11,8);;<1>
100;343;(11,9);outputNeighborhood;<1>
100;343;(11,9);;<2>
100;349;(8,11);;<1>
100;371;(8,10);;<1>
100;372;(9,11);outputNeighborhood;<1>
100;372;(9,11);;<2>
100;373;(12,10);outputNeighborhood;<1>
100;373;(12,10);;<2>
100;375;(13,10);;<1>
100;384;(9,12);;<0>
100;396;(10,12);outputNeighborhood;<1>
100;396;(10,12);;<2>
100;398;(11,12);;<1>
200;55;(10,14);;<1>
200;70;(11,13);;<0>
200;71;(9,13);;<1>
200;96;(9,10);outputNeighborhood;<2>
200;96;(9,10);;<2>
200;103;(10,9);outputNeighborhood;<2>
200;103;(10,9);;<2>
200;173;(9,9);;<0>
200;188;(10,10);;<2>
200;193;(10,13);outputNeighborhood;<1>
200;193;(10,13);;<2>
200;196;(7,11);;<1>
200;197;(10,11);;<2>
200;200;(8,9);;<1>
200;205;(12,11);outputNeighborhood;<1>
200;205;(12,11);;<2>
200;233;(12,9);;<0>
200;239;(11,7);;<1>
200;255;(11,11);;<0>
200;258;(11,10);;<2>
200;270;(13,9);;<1>
200;271;(14,10);;<1>
200;306;(8,12);;<1>
200;318;(10,7);;<1>
200;326;(9,8);;<1>
200;337;(10,8);outputNeighborhood;<1>
200;337;(10,8);;<2>
200;340;(11,8);outputNeighborhood;<1>
200;340;(11,8);;<2>
200;341;(12,8);;<1>
200;343;(11,9);outputNeighborhood;<2>
200;343;(11,9);;<2>
200;349;(8,11);outputNeighborhood;<1>
200;349;(8,11);;<2>
200;370;(7,10);;<1>
200;371;(8,10);outputNeighborhood;<1>
200;371;(8,10);;<2>
200;372;(9,11);outputNeighborhood;<2>
200;372;(9,11);;<2>
200;373;(12,10);outputNeighborhood;<2>
200;373;(12,10);;<2>
200;375;(13,10);outputNeighborhood;<1>
200;375;(13,10);;<2>
200;384;(9,12);;<0>
200;396;(10,12);outputNeighborhood;<2>
200;396;(10,12);;<2>
200;397;(13,11);;<0>
200;398;(11,12);outputNeighborhood;<1>
200;398;(11,12);;<2>
200;399;(12,12);;<0>
300;54;(11,14);;<1>
300;55;(10,14);outputNeighborhood;<1>
300;55;(10,14);;<2>
300;56;(9,14);;<0>
300;70;(11,13);;<0>
300;71;(9,13);outputNeighborhood;<1>
300;71;(9,13);;<2>
300;72;(8,13);;<0>
300;96;(9,10);;<2>
300;103;(10,9);;<2>
300;173;(9,9);;<0>
300;193;(10,13);outputNeighborhood;<2>
300;193;(10,13);;<2>
300;196;(7,11);outputNeighborhood;<1>
300;196;(7,11);;<2>
300;200;(8,9);outputNeighborhood;<1>
300;200;(8,9);;<2>
300;205;(12,11);outputNeighborhood;<2>
300;205;(12,11);;<2>
300;231;(14,9);;<0>
300;233;(12,9);;<0>
300;239;(11,7);outputNeighborhood;<1>
300;239;(11,7);;<2>
300;253;(11,6);;<1>
300;255;(11,11);;<0>
300;270;(13,9);outputNeighborhood;<1>
300;270;(13,9);;<2>
300;271;(14,10);outputNeighborhood;<1>
300;271;(14,10);;<2>
300;287;(8,8);;<0>
300;294;(13,8);;<0>
300;300;(10,15);;<1>
300;304;(10,6);;<1>
300;306;(8,12);outputNeighborhood;<1>
300;306;(8,12);;<2>
300;317;(9,7);;<0>
300;318;(10,7);outputNeighborhood;<1>
300;318;(10,7);;<2>
300;319;(12,7);;<0>
300;326;(9,8);outputNeighborhood;<1>
300;326;(9,8);;<2>
300;337;(10,8);outputNeighborhood;<2>
300;337;(10,8);;<2>
300;340;(11,8);outputNeighborhood;<2>
300;340;(11,8);;<2>
300;341;(12,8);outputNeighborhood;<1>
300;341;(12,8);;<2>
300;343;(11,9);;<2>
300;349;(8,11);outputNeighborhood;<2>
300;349;(8,11);;<2>
300;356;(7,9);;<0>
300;367;(6,10);;<1>
300;370;(7,10);outputNeighborhood;<1>
300;370;(7,10);;<2>
300;371;(8,10);outputNeighborhood;<2>
300;371;(8,10);;<2>
300;372;(9,11);;<2>
300;373;(12,10);;<2>
300;375;(13,10);outputNeighborhood;<2>
300;375;(13,10);;<2>
300;376;(7,12);;<0>
300;378;(15,10);;<1>
300;384;(9,12);;<0>
300;389;(6,11);;<1>
300;392;(14,11);;<1>
300;396;(10,12);;<2>
300;397;(13,11);;<0>
300;398;(11,12);outputNeighborhood;<2>
300;398;(11,12);;<2>
300;399;(12,12);;<0>
400;45;(9,15);;<1>
400;53;(12,14);;<1>
400;54;(11,14);outputNeighborhood;<1>
400;54;(11,14);;<2>
400;55;(10,14);outputNeighborhood;<2>
400;55;(10,14);;<2>
400;56;(9,14);;<0>
400;70;(11,13);;<0>
400;71;(9,13);outputNeighborhood;<2>
400;71;(9,13);;<2>
400;72;(8,13);;<0>
400;88;(10,5);;<1>
400;163;(12,6);;<1>
400;173;(9,9);;<0>
400;179;(11,15);;<0>
400;193;(10,13);;<2>
400;196;(7,11);outputNeighborhood;<2>
400;196;(7,11);;<2>
400;200;(8,9);outputNeighborhood;<2>
400;200;(8,9);;<2>
400;207;(14,12);;<1>
400;231;(14,9);;<0>
400;233;(12,9);;<0>
400;239;(11,7);outputNeighborhood;<2>
400;239;(11,7);;<2>
400;253;(11,6);outputNeighborhood;<1>
400;253;(11,6);;<2>
400;256;(15,11);;<0>
400;270;(13,9);outputNeighborhood;<2>
400;270;(13,9);;<2>
400;271;(14,10);outputNeighborhood;<2>
400;271;(14,10);;<2>
400;279;(10,16);;<1>
400;287;(8,8);;<0>
400;294;(13,8);;<0>
400;300;(10,15);outputNeighborhood;<1>
400;300;(10,15);;<2>
400;301;(9,6);;<1>
400;304;(10,6);outputNeighborhood;<1>
400;304;(10,6);;<2>
400;306;(8,12);outputNeighborhood;<2>
400;306;(8,12);;<2>
400;317;(9,7);;<0>
400;318;(10,7);outputNeighborhood;<2>
400;318;(10,7);;<2>
400;319;(12,7);;<0>
400;326;(9,8);outputNeighborhood;<2>
400;326;(9,8);;<2>
400;337;(10,8);;<2>
400;339;(6,9);;<1>
400;340;(11,8);;<2>
400;341;(12,8);outputNeighborhood;<2>
400;341;(12,8);;<2>
400;345;(6,12);;<1>
400;349;(8,11);;<2>
400;356;(7,9);;<0>
400;358;(15,9);;<1>
400;366;(5,10);;<1>
400;367;(6,10);outputNeighborhood;<1>
400;367;(6,10);;<2>
400;370;(7,10);outputNeighborhood;<2>
400;370;(7,10);;<2>
400;371;(8,10);;<2>
400;375;(13,10);;<2>
400;376;(7,12);;<0>
400;378;(15,10);outputNeighborhood;<1>
400;378;(15,10);;<2>
400;379;(16,10);;<1>
400;384;(9,12);;<0>
400;385;(5,11);;<1>
400;387;(11,5);;<1>
400;389;(6,11);outputNeighborhood;<1>
400;389;(6,11);;<2>
400;392;(14,11);outputNeighborhood;<1>
400;392;(14,11);;<2>
400;397;(13,11);;<0>
500;24;(10,17);;<1>
500;35;(9,16);;<0>
500;45;(9,15);outputNeighborhood;<1>
500;45;(9,15);;<2>
500;53;(12,14);outputNeighborhood;<1>
500;53;(12,14);;<2>
500;54;(11,14);outputNeighborhood;<2>
500;54;(11,14);;<2>
500;55;(10,14);;<2>
500;56;(9,14);;<0>
500;61;(8,15);;<1>
500;67;(14,13);;<1>
500;69;(12,13);;<1>
500;70;(11,13);;<0>
500;87;(13,12);;<1>
500;88;(10,5);outputNeighborhood;<1>
500;88;(10,5);;<2>
500;120;(13,6);;<1>
500;123;(17,10);;<1>
500;129;(16,9);;<0>
500;139;(6,13);;<1>
500;163;(12,6);outputNeighborhood;<1>
500;163;(12,6);;<2>
500;177;(12,5);;<0>
500;179;(11,15);;<0>
500;180;(13,14);;<1>
500;181;(5,12);;<0>
500;196;(7,11);;<2>
500;207;(14,12);outputNeighborhood;<1>
500;207;(14,12);;<2>
500;231;(14,9);;<0>
500;232;(11,4);;<1>
500;234;(11,16);;<1>
500;239;(11,7);;<2>
500;246;(9,5);;<0>
500;253;(11,6);outputNeighborhood;<2>
500;253;(11,6);;<2>
500;256;(15,11);;<0>
500;271;(14,10);;<2>
500;277;(12,15);;<1>
500;279;(10,16);outputNeighborhood;<1>
500;279;(10,16);;<2>
500;299;(8,6);;<1>
500;300;(10,15);outputNeighborhood;<2>
500;300;(10,15);;<2>
500;301;(9,6);outputNeighborhood;<1>
500;301;(9,6);;<2>
500;304;(10,6);outputNeighborhood;<2>
500;304;(10,6);;<2>
500;311;(15,8);;<1>
500;317;(9,7);;<0>
500;318;(10,7);;<2>
500;319;(12,7);;<0>
500;327;(10,4);;<1>
500;334;(6,8);;<1>
500;339;(6,9);outputNeighborhood;<1>
500;339;(6,9);;<2>
500;345;(6,12);outputNeighborhood;<1>
500;345;(6,12);;<2>
500;347;(4,11);;<1>
500;353;(5,9);;<0>
500;354;(4,10);;<1>
500;356;(7,9);;<0>
500;358;(15,9);outputNeighborhood;<1>
500;358;(15,9);;<2>
500;366;(5,10);outputNeighborhood;<1>
500;366;(5,10);;<2>
500;367;(6,10);outputNeighborhood;<2>
500;367;(6,10);;<2>
500;370;(7,10);;<2>
500;376;(7,12);;<0>
500;378;(15,10);outputNeighborhood;<2>
500;378;(15,10);;<2>
500;379;(16,10);outputNeighborhood;<1>
500;379;(16,10);;<2>
500;385;(5,11);outputNeighborhood;<1>
500;385;(5,11);;<2>
500;386;(16,11);;<1>
500;387;(11,5);outputNeighborhood;<1>
500;387;(11,5);;<2>
500;389;(6,11);outputNeighborhood;<2>
500;389;(6,11);;<2>
500;392;(14,11);outputNeighborhood;<2>
500;392;(14,11);;<2>
500;397;(13,11);;<0>
500;400;(15,12);;<1>
600;23;(11,17);;<0>
600;24;(10,17);outputNeighborhood;<1>
600;24;(10,17);;<2>
600;33;(12,16);;<0>
600;35;(9,16);;<0>
600;44;(13,15);;<0>
600;45;(9,15);outputNeighborhood;<2>
600;45;(9,15);;<2>
600;51;(7,15);;<1>
600;52;(14,14);;<0>
600;53;(12,14);outputNeighborhood;<2>
600;53;(12,14);;<2>
600;54;(11,14);;<2>
600;56;(9,14);;<0>
600;57;(6,14);;<1>
600;61;(8,15);outputNeighborhood;<1>
600;61;(8,15);;<2>
600;66;(15,13);;<0>
600;67;(14,13);outputNeighborhood;<1>
600;67;(14,13);;<2>
600;68;(13,13);;<0>
600;69;(12,13);outputNeighborhood;<1>
600;69;(12,13);;<2>
600;70;(11,13);;<0>
600;73;(7,13);;<1>
600;74;(5,13);;<1>
600;87;(13,12);outputNeighborhood;<1>
600;87;(13,12);;<2>
600;88;(10,5);outputNeighborhood;<2>
600;88;(10,5);;<2>
600;90;(8,16);;<1>
600;92;(4,12);;<1>
600;120;(13,6);outputNeighborhood;<1>
600;120;(13,6);;<2>
600;123;(17,10);outputNeighborhood;<1>
600;123;(17,10);;<2>
600;129;(16,9);;<0>
600;135;(13,5);;<1>
600;137;(11,3);;<1>
600;139;(6,13);outputNeighborhood;<1>
600;139;(6,13);;<2>
600;158;(10,18);;<1>
600;161;(6,7);;<1>
600;163;(12,6);outputNeighborhood;<2>
600;163;(12,6);;<2>
600;164;(8,5);;<1>
600;167;(8,7);;<1>
600;177;(12,5);;<0>
600;179;(11,15);;<0>
600;180;(13,14);outputNeighborhood;<1>
600;180;(13,14);;<2>
600;181;(5,12);;<0>
600;192;(17,11);;<0>
600;194;(9,4);;<1>
600;199;(7,6);;<1>
600;201;(9,17);;<1>
600;202;(10,3);;<1>
600;207;(14,12);outputNeighborhood;<2>
600;207;(14,12);;<2>
600;211;(7,8);;<1>
600;218;(14,8);;<1>
600;229;(3,11);;<1>
600;231;(14,9);;<0>
600;232;(11,4);outputNeighborhood;<1>
600;232;(11,4);;<2>
600;234;(11,16);outputNeighborhood;<1>
600;234;(11,16);;<2>
600;246;(9,5);;<0>
600;253;(11,6);;<2>
600;256;(15,11);;<0>
600;277;(12,15);outputNeighborhood;<1>
600;277;(12,15);;<2>
600;279;(10,16);outputNeighborhood;<2>
600;279;(10,16);;<2>
600;299;(8,6);outputNeighborhood;<1>
600;299;(8,6);;<2>
600;300;(10,15);;<2>
600;301;(9,6);outputNeighborhood;<2>
600;301;(9,6);;<2>
600;304;(10,6);;<2>
600;305;(14,6);;<1>
600;311;(15,8);outputNeighborhood;<1>
600;311;(15,8);;<2>
600;314;(8,14);;<1>
600;316;(12,4);;<1>
600;317;(9,7);;<0>
600;319;(12,7);;<0>
600;320;(13,7);;<1>
600;322;(15,7);;<1>
600;327;(10,4);outputNeighborhood;<1>
600;327;(10,4);;<2>
600;331;(5,8);;<1>
600;334;(6,8);outputNeighborhood;<1>
600;334;(6,8);;<2>
600;339;(6,9);outputNeighborhood;<2>
600;339;(6,9);;<2>
600;345;(6,12);outputNeighborhood;<2>
600;345;(6,12);;<2>
600;347;(4,11);outputNeighborhood;<1>
600;347;(4,11);;<2>
600;352;(4,9);;<1>
600;353;(5,9);;<0>
600;354;(4,10);outputNeighborhood;<1>
600;354;(4,10);;<2>
600;356;(7,9);;<0>
600;358;(15,9);outputNeighborhood;<2>
600;358;(15,9);;<2>
600;359;(17,9);;<1>
600;365;(3,10);;<1>
600;366;(5,10);outputNeighborhood;<2>
600;366;(5,10);;<2>
600;367;(6,10);;<2>
600;374;(16,12);;<0>
600;376;(7,12);;<0>
600;378;(15,10);;<2>
600;379;(16,10);outputNeighborhood;<2>
600;379;(16,10);;<2>
600;383;(18,10);;<1>
600;385;(5,11);outputNeighborhood;<2>
600;385;(5,11);;<2>
600;386;(16,11);outputNeighborhood;<1>
600;386;(16,11);;<2>
600;387;(11,5);outputNeighborhood;<2>
600;387;(11,5);;<2>
600;389;(6,11);;<2>
600;392;(14,11);;<2>
600;395;(16,8);;<1>
600;397;(13,11);;<0>
600;399;(12,12);;<0>
600;400;(15,12);outputNeighborhood;<1>
600;400;(15,12);;<2>
700;13;(11,18);;<1>
700;23;(11,17);;<0>
700;24;(10,17);outputNeighborhood;<2>
700;24;(10,17);;<2>
700;33;(12,16);;<0>
700;35;(9,16);;<0>
700;36;(7,16);;<0>
700;44;(13,15);;<0>
700;45;(9,15);;<2>
700;46;(6,15);;<0>
700;51;(7,15);outputNeighborhood;<1>
700;51;(7,15);;<2>
700;52;(14,14);;<0>
700;53;(12,14);;<2>
700;56;(9,14);;<0>
700;57;(6,14);outputNeighborhood;<1>
700;57;(6,14);;<2>
700;58;(5,14);;<0>
700;61;(8,15);outputNeighborhood;<2>
700;61;(8,15);;<2>
700;63;(8,17);;<0>
700;66;(15,13);;<0>
700;67;(14,13);outputNeighborhood;<2>
700;67;(14,13);;<2>
700;68;(13,13);;<0>
700;69;(12,13);outputNeighborhood;<2>
700;69;(12,13);;<2>
700;70;(11,13);;<0>
700;72;(8,13);;<0>
700;73;(7,13);outputNeighborhood;<1>
700;73;(7,13);;<2>
700;74;(5,13);outputNeighborhood;<1>
700;74;(5,13);;<2>
700;76;(4,13);;<0>
700;87;(13,12);outputNeighborhood;<2>
700;87;(13,12);;<2>
700;88;(10,5);;<2>
700;89;(7,5);;<0>
700;90;(8,16);outputNeighborhood;<1>
700;90;(8,16);;<2>
700;92;(4,12);outputNeighborhood;<1>
700;92;(4,12);;<2>
700;101;(9,18);;<0>
700;114;(14,7);;<0>
700;117;(3,12);;<0>
700;120;(13,6);outputNeighborhood;<2>
700;120;(13,6);;<2>
700;123;(17,10);outputNeighborhood;<2>
700;123;(17,10);;<2>
700;125;(9,3);;<0>
700;129;(16,9);;<0>
700;135;(13,5);outputNeighborhood;<1>
700;135;(13,5);;<2>
700;137;(11,3);outputNeighborhood;<1>
700;137;(11,3);;<2>
700;139;(6,13);outputNeighborhood;<2>
700;139;(6,13);;<2>
700;146;(18,9);;<0>
700;153;(13,4);;<0>
700;158;(10,18);outputNeighborhood;<1>
700;158;(10,18);;<2>
700;161;(6,7);outputNeighborhood;<1>
700;161;(6,7);;<2>
700;163;(12,6);;<2>
700;164;(8,5);outputNeighborhood;<1>
700;164;(8,5);;<2>
700;167;(8,7);outputNeighborhood;<1>
700;167;(8,7);;<2>
700;176;(2,11);;<1>
700;177;(12,5);;<0>
700;179;(11,15);;<0>
700;180;(13,14);outputNeighborhood;<2>
700;180;(13,14);;<2>
700;181;(5,12);;<0>
700;186;(10,19);;<1>
700;187;(6,6);;<0>
700;192;(17,11);;<0>
700;194;(9,4);outputNeighborhood;<1>
700;194;(9,4);;<2>
700;199;(7,6);outputNeighborhood;<1>
700;199;(7,6);;<2>
700;201;(9,17);outputNeighborhood;<1>
700;201;(9,17);;<2>
700;202;(10,3);outputNeighborhood;<1>
700;202;(10,3);;<2>
700;207;(14,12);;<2>
700;211;(7,8);outputNeighborhood;<1>
700;211;(7,8);;<2>
700;215;(12,3);;<0>
700;218;(14,8);outputNeighborhood;<1>
700;218;(14,8);;<2>
700;229;(3,11);outputNeighborhood;<1>
700;229;(3,11);;<2>
700;231;(14,9);;<0>
700;232;(11,4);outputNeighborhood;<2>
700;232;(11,4);;<2>
700;234;(11,16);outputNeighborhood;<2>
700;234;(11,16);;<2>
700;238;(7,7);;<0>
700;246;(9,5);;<0>
700;252;(15,6);;<0>
700;256;(15,11);;<0>
700;260;(17,8);;<0>
700;277;(12,15);outputNeighborhood;<2>
700;277;(12,15);;<2>
700;279;(10,16);;<2>
700;280;(14,5);;<0>
700;285;(7,14);;<0>
700;286;(16,7);;<0>
700;287;(8,8);;<0>
700;288;(10,2);;<1>
700;289;(11,2);;<1>
700;294;(13,8);;<0>
700;298;(19,10);;<1>
700;299;(8,6);outputNeighborhood;<2>
700;299;(8,6);;<2>
700;301;(9,6);;<2>
700;305;(14,6);outputNeighborhood;<1>
700;305;(14,6);;<2>
700;311;(15,8);outputNeighborhood;<2>
700;311;(15,8);;<2>
700;314;(8,14);outputNeighborhood;<1>
700;314;(8,14);;<2>
700;315;(5,7);;<0>
700;316;(12,4);outputNeighborhood;<1>
700;316;(12,4);;<2>
700;317;(9,7);;<0>
700;319;(12,7);;<0>
700;320;(13,7);outputNeighborhood;<1>
700;320;(13,7);;<2>
700;322;(15,7);outputNeighborhood;<1>
700;322;(15,7);;<2>
700;327;(10,4);outputNeighborhood;<2>
700;327;(10,4);;<2>
700;330;(4,8);;<0>
700;331;(5,8);outputNeighborhood;<1>
700;331;(5,8);;<2>
700;334;(6,8);outputNeighborhood;<2>
700;334;(6,8);;<2>
700;339;(6,9);;<2>
700;345;(6,12);;<2>
700;347;(4,11);outputNeighborhood;<2>
700;347;(4,11);;<2>
700;351;(3,9);;<0>
700;352;(4,9);outputNeighborhood;<1>
700;352;(4,9);;<2>
700;353;(5,9);;<0>
700;354;(4,10);outputNeighborhood;<2>
700;354;(4,10);;<2>
700;355;(8,4);;<0>
700;356;(7,9);;<0>
700;358;(15,9);;<2>
700;359;(17,9);outputNeighborhood;<1>
700;359;(17,9);;<2>
700;364;(2,10);;<1>
700;365;(3,10);outputNeighborhood;<1>
700;365;(3,10);;<2>
700;366;(5,10);;<2>
700;374;(16,12);;<0>
700;376;(7,12);;<0>
700;379;(16,10);;<2>
700;383;(18,10);outputNeighborhood;<1>
700;383;(18,10);;<2>
700;385;(5,11);;<2>
700;386;(16,11);outputNeighborhood;<2>
700;386;(16,11);;<2>
700;387;(11,5);;<2>
700;393;(18,11);;<1>
700;395;(16,8);outputNeighborhood;<1>
700;395;(16,8);;<2>
700;397;(13,11);;<0>
700;399;(12,12);;<0>
700;400;(15,12);outputNeighborhood;<2>
700;400;(15,12);;<2>
800;12;(12,18);;<1>
800;13;(11,18);outputNeighborhood;<1>
800;13;(11,18);;<2>
800;23;(11,17);;<0>
800;24;(10,17);;<2>
800;35;(9,16);;<0>
800;36;(7,16);;<0>
800;46;(6,15);;<0>
800;51;(7,15);outputNeighborhood;<2>
800;51;(7,15);;<2>
800;56;(9,14);;<0>
800;57;(6,14);outputNeighborhood;<2>
800;57;(6,14);;<2>
800;58;(5,14);;<0>
800;61;(8,15);;<2>
800;63;(8,17);;<0>
800;72;(8,13);;<0>
800;73;(7,13);outputNeighborhood;<2>
800;73;(7,13);;<2>
800;74;(5,13);outputNeighborhood;<2>
800;74;(5,13);;<2>
800;76;(4,13);;<0>
800;81;(18,12);;<1>
800;89;(7,5);;<0>
800;90;(8,16);outputNeighborhood;<2>
800;90;(8,16);;<2>
800;92;(4,12);outputNeighborhood;<2>
800;92;(4,12);;<2>
800;101;(9,18);;<0>
800;113;(11,19);;<0>
800;114;(14,7);;<0>
800;117;(3,12);;<0>
800;120;(13,6);;<2>
800;123;(17,10);;<2>
800;125;(9,3);;<0>
800;129;(16,9);;<0>
800;131;(0,10);;<1>
800;135;(13,5);outputNeighborhood;<2>
800;135;(13,5);;<2>
800;137;(11,3);outputNeighborhood;<2>
800;137;(11,3);;<2>
800;139;(6,13);;<2>
800;146;(18,9);;<0>
800;153;(13,4);;<0>
800;158;(10,18);outputNeighborhood;<2>
800;158;(10,18);;<2>
800;161;(6,7);outputNeighborhood;<2>
800;161;(6,7);;<2>
800;164;(8,5);outputNeighborhood;<2>
800;164;(8,5);;<2>
800;167;(8,7);outputNeighborhood;<2>
800;167;(8,7);;<2>
800;176;(2,11);outputNeighborhood;<1>
800;176;(2,11);;<2>
800;177;(12,5);;<0>
800;181;(5,12);;<0>
800;186;(10,19);outputNeighborhood;<1>
800;186;(10,19);;<2>
800;187;(6,6);;<0>
800;192;(17,11);;<0>
800;194;(9,4);outputNeighborhood;<2>
800;194;(9,4);;<2>
800;195;(1,11);;<1>
800;199;(7,6);outputNeighborhood;<2>
800;199;(7,6);;<2>
800;201;(9,17);outputNeighborhood;<2>
800;201;(9,17);;<2>
800;202;(10,3);outputNeighborhood;<2>
800;202;(10,3);;<2>
800;211;(7,8);outputNeighborhood;<2>
800;211;(7,8);;<2>
800;215;(12,3);;<0>
800;216;(9,19);;<1>
800;218;(14,8);outputNeighborhood;<2>
800;218;(14,8);;<2>
800;223;(10,0);;<1>
800;229;(3,11);outputNeighborhood;<2>
800;229;(3,11);;<2>
800;231;(14,9);;<0>
800;232;(11,4);;<2>
800;238;(7,7);;<0>
800;246;(9,5);;<0>
800;249;(12,2);;<1>
800;250;(11,1);;<1>
800;251;(10,1);;<1>
800;252;(15,6);;<0>
800;260;(17,8);;<0>
800;265;(9,2);;<1>
800;280;(14,5);;<0>
800;285;(7,14);;<0>
800;286;(16,7);;<0>
800;287;(8,8);;<0>
800;288;(10,2);outputNeighborhood;<1>
800;288;(10,2);;<2>
800;289;(11,2);outputNeighborhood;<1>
800;289;(11,2);;<2>
800;294;(13,8);;<0>
800;298;(19,10);outputNeighborhood;<1>
800;298;(19,10);;<2>
800;299;(8,6);;<2>
800;305;(14,6);outputNeighborhood;<2>
800;305;(14,6);;<2>
800;311;(15,8);;<2>
800;314;(8,14);outputNeighborhood;<2>
800;314;(8,14);;<2>
800;315;(5,7);;<0>
800;316;(12,4);outputNeighborhood;<2>
800;316;(12,4);;<2>
800;317;(9,7);;<0>
800;319;(12,7);;<0>
800;320;(13,7);outputNeighborhood;<2>
800;320;(13,7);;<2>
800;322;(15,7);outputNeighborhood;<2>
800;322;(15,7);;<2>
800;327;(10,4);;<2>
800;330;(4,8);;<0>
800;331;(5,8);outputNeighborhood;<2>
800;331;(5,8);;<2>
800;334;(6,8);;<2>
800;347;(4,11);;<2>
800;350;(2,9);;<1>
800;351;(3,9);;<0>
800;352;(4,9);outputNeighborhood;<2>
800;352;(4,9);;<2>
800;353;(5,9);;<0>
800;354;(4,10);;<2>
800;355;(8,4);;<0>
800;356;(7,9);;<0>
800;359;(17,9);outputNeighborhood;<2>
800;359;(17,9);;<2>
800;360;(19,9);;<1>
800;361;(1,10);;<1>
800;364;(2,10);outputNeighborhood;<1>
800;364;(2,10);;<2>
800;365;(3,10);outputNeighborhood;<2>
800;365;(3,10);;<2>
800;368;(19,11);;<0>
800;376;(7,12);;<0>
800;381;(2,12);;<1>
800;383;(18,10);outputNeighborhood;<2>
800;383;(18,10);;<2>
800;393;(18,11);outputNeighborhood;<1>
800;393;(18,11);;<2>
800;395;(16,8);outputNeighborhood;<2>
800;395;(16,8);;<2>
900;12;(12,18);outputNeighborhood;<1>
900;12;(12,18);;<2>
900;13;(11,18);outputNeighborhood;<2>
900;13;(11,18);;<2>
900;23;(11,17);;<0>
900;64;(18,13);;<1>
900;78;(2,13);;<1>
900;80;(19,12);;<1>
900;81;(18,12);outputNeighborhood;<1>
900;81;(18,12);;<2>
900;82;(17,12);;<1>
900;94;(1,12);;<0>
900;97;(2,8);;<1>
900;101;(9,18);;<0>
900;105;(8,2);;<1>
900;107;(13,2);;<1>
900;113;(11,19);;<0>
900;117;(3,12);;<0>
900;125;(9,3);;<0>
900;131;(0,10);outputNeighborhood;<1>
900;131;(0,10);;<2>
900;137;(11,3);;<2>
900;144;(0,11);;<0>
900;146;(18,9);;<0>
900;158;(10,18);;<2>
900;162;(9,0);;<0>
900;176;(2,11);outputNeighborhood;<2>
900;176;(2,11);;<2>
900;186;(10,19);outputNeighborhood;<2>
900;186;(10,19);;<2>
900;192;(17,11);;<0>
900;195;(1,11);outputNeighborhood;<1>
900;195;(1,11);;<2>
900;202;(10,3);;<2>
900;210;(1,9);;<0>
900;215;(12,3);;<0>
900;216;(9,19);outputNeighborhood;<1>
900;216;(9,19);;<2>
900;217;(8,19);;<1>
900;223;(10,0);outputNeighborhood;<1>
900;223;(10,0);;<2>
900;229;(3,11);;<2>
900;240;(12,17);;<1>
900;249;(12,2);outputNeighborhood;<1>
900;249;(12,2);;<2>
900;250;(11,1);outputNeighborhood;<1>
900;250;(11,1);;<2>
900;251;(10,1);outputNeighborhood;<1>
900;251;(10,1);;<2>
900;262;(12,1);;<0>
900;265;(9,2);outputNeighborhood;<1>
900;265;(9,2);;<2>
900;266;(11,0);;<0>
900;284;(13,18);;<1>
900;288;(10,2);outputNeighborhood;<2>
900;288;(10,2);;<2>
900;289;(11,2);outputNeighborhood;<2>
900;289;(11,2);;<2>
900;297;(9,1);;<0>
900;298;(19,10);outputNeighborhood;<2>
900;298;(19,10);;<2>
900;344;(19,8);;<1>
900;348;(0,9);;<0>
900;350;(2,9);outputNeighborhood;<1>
900;350;(2,9);;<2>
900;351;(3,9);;<0>
900;360;(19,9);outputNeighborhood;<1>
900;360;(19,9);;<2>
900;361;(1,10);outputNeighborhood;<1>
900;361;(1,10);;<2>
900;364;(2,10);outputNeighborhood;<2>
900;364;(2,10);;<2>
900;365;(3,10);;<2>
900;368;(19,11);;<0>
900;381;(2,12);outputNeighborhood;<1>
900;381;(2,12);;<2>
900;382;(12,19);;<1>
900;383;(18,10);;<2>
900;393;(18,11);outputNeighborhood;<2>
900;393;(18,11);;<2>
900;1;(19,19);;<0>
900;2;(18,19);;<0>
900;3;(17,19);;<0>
900;4;(15,19);;<0>
900;5;(14,19);;<0>
900;6;(6,19);;<0>
900;7;(5,19);;<0>
900;8;(2,19);;<0>
900;9;(0,19);;<0>
900;10;(19,18);;<0>
900;11;(14,18);;<0>
900;12;(12,18);;<2>
900;13;(11,18);;<2>
900;14;(8,18);;<0>
900;15;(6,18);;<0>
900;16;(4,18);;<0>
900;17;(3,18);;<0>
900;18;(2,18);;<0>
900;19;(18,17);;<0>
900;20;(17,17);;<0>
900;21;(15,17);;<0>
900;22;(14,17);;<0>
900;23;(11,17);;<0>
900;24;(10,17);;<2>
900;25;(7,17);;<0>
900;26;(5,17);;<0>
900;27;(3,17);;<0>
900;28;(2,17);;<0>
900;29;(0,17);;<0>
900;30;(19,16);;<0>
900;31;(18,16);;<0>
900;32;(17,16);;<0>
900;33;(12,16);;<0>
900;34;(7,18);;<0>
900;35;(9,16);;<0>
900;36;(7,16);;<0>
900;37;(5,16);;<0>
900;38;(4,16);;<0>
900;39;(1,16);;<0>
900;40;(0,16);;<0>
900;41;(19,15);;<0>
900;42;(16,15);;<0>
900;43;(14,15);;<0>
900;44;(13,15);;<0>
900;45;(9,15);;<2>
900;46;(6,15);;<0>
900;47;(5,15);;<0>
900;48;(4,15);;<0>
900;49;(2,15);;<0>
900;50;(1,15);;<0>
900;51;(7,15);;<2>
900;52;(14,14);;<0>
900;53;(12,14);;<2>
900;54;(11,14);;<2>
900;55;(10,14);;<2>
900;56;(9,14);;<0>
900;57;(6,14);;<2>
900;58;(5,14);;<0>
900;59;(4,14);;<0>
900;60;(3,14);;<0>
900;61;(8,15);;<2>
900;62;(2,14);;<0>
900;63;(8,17);;<0>
900;64;(18,13);;<1>
900;65;(16,13);;<0>
900;66;(15,13);;<0>
900;67;(14,13);;<2>
900;68;(13,13);;<0>
900;69;(12,13);;<2>
900;70;(11,13);;<0>
900;71;(9,13);;<2>
900;72;(8,13);;<0>
900;73;(7,13);;<2>
900;74;(5,13);;<2>
900;75;(0,15);;<0>
900;76;(4,13);;<0>
900;77;(3,13);;<0>
900;78;(2,13);;<1>
900;79;(1,13);;<0>
900;80;(19,12);;<1>
900;81;(18,12);;<2>
900;82;(17,12);;<1>
900;83;(18,5);;<0>
900;84;(17,5);;<0>
900;85;(19,13);;<0>
900;86;(15,5);;<0>
900;87;(13,12);;<2>
900;88;(10,5);;<2>
900;89;(7,5);;<0>
900;90;(8,16);;<2>
900;91;(5,4);;<0>
900;92;(4,12);;<2>
900;93;(18,14);;<0>
900;94;(1,12);;<0>
900;95;(18,3);;<0>
900;96;(9,10);;<2>
900;97;(2,8);;<1>
900;98;(19,4);;<0>
900;99;(6,4);;<0>
900;100;(18,4);;<0>
900;101;(9,18);;<0>
900;102;(1,18);;<0>
900;103;(10,9);;<2>
900;104;(16,4);;<0>
900;105;(8,2);;<1>
900;106;(16,19);;<0>
900;107;(13,2);;<1>
900;108;(7,4);;<0>
900;109;(18,2);;<0>
900;110;(6,0);;<0>
900;111;(4,4);;<0>
900;112;(0,5);;<0>
900;113;(11,19);;<0>
900;114;(14,7);;<0>
900;115;(3,4);;<0>
900;116;(1,4);;<0>
900;117;(3,12);;<0>
900;118;(16,17);;<0>
900;119;(19,3);;<0>
900;120;(13,6);;<2>
900;121;(4,19);;<0>
900;122;(13,3);;<0>
900;123;(17,10);;<2>
900;124;(15,3);;<0>
900;125;(9,3);;<0>
900;126;(6,3);;<0>
900;127;(5,3);;<0>
900;128;(6,5);;<0>
900;129;(16,9);;<0>
900;130;(17,3);;<0>
900;131;(0,10);;<2>
900;132;(16,14);;<0>
900;133;(2,3);;<0>
900;134;(4,5);;<0>
900;135;(13,5);;<2>
900;136;(7,1);;<0>
900;137;(11,3);;<2>
900;138;(1,3);;<0>
900;139;(6,13);;<2>
900;140;(0,3);;<0>
900;141;(0,1);;<0>
900;142;(3,7);;<0>
900;143;(3,3);;<0>
900;144;(0,11);;<0>
900;145;(2,5);;<0>
900;146;(18,9);;<0>
900;147;(16,2);;<0>
900;148;(1,6);;<0>
900;149;(18,8);;<0>
900;150;(17,4);;<0>
900;151;(1,17);;<0>
900;152;(2,4);;<0>
900;153;(13,4);;<0>
900;154;(15,4);;<0>
900;155;(1,19);;<0>
900;156;(15,15);;<0>
900;157;(4,1);;<0>
900;158;(10,18);;<2>
900;159;(4,2);;<0>
900;160;(14,16);;<0>
900;161;(6,7);;<2>
900;162;(9,0);;<0>
900;163;(12,6);;<2>
900;164;(8,5);;<2>
900;165;(2,1);;<0>
900;166;(1,0);;<0>
900;167;(8,7);;<2>
900;168;(17,0);;<0>
900;169;(16,5);;<0>
900;170;(18,7);;<0>
900;171;(15,16);;<0>
900;172;(6,1);;<0>
900;173;(9,9);;<0>
900;174;(15,0);;<0>
900;175;(16,16);;<0>
900;176;(2,11);;<2>
900;177;(12,5);;<0>
900;178;(7,3);;<0>
900;179;(11,15);;<0>
900;180;(13,14);;<2>
900;181;(5,12);;<0>
900;182;(1,1);;<0>
900;183;(17,6);;<0>
900;184;(14,3);;<0>
900;185;(12,0);;<0>
900;186;(10,19);;<2>
900;187;(6,6);;<0>
900;188;(10,10);;<2>
900;189;(3,15);;<0>
900;190;(5,2);;<0>
900;191;(3,1);;<0>
900;192;(17,11);;<0>
900;193;(10,13);;<2>
900;194;(9,4);;<2>
900;195;(1,11);;<2>
900;196;(7,11);;<2>
900;197;(10,11);;<2>
900;198;(7,19);;<0>
900;199;(7,6);;<2>
900;200;(8,9);;<2>
900;201;(9,17);;<2>
900;202;(10,3);;<2>
900;203;(19,1);;<0>
900;204;(18,15);;<0>
900;205;(12,11);;<2>
900;206;(17,13);;<0>
900;207;(14,12);;<2>
900;208;(4,0);;<0>
900;209;(5,0);;<0>
900;210;(1,9);;<0>
900;211;(7,8);;<2>
900;212;(7,0);;<0>
900;213;(19,7);;<0>
900;214;(2,16);;<0>
900;215;(12,3);;<0>
900;216;(9,19);;<2>
900;217;(8,19);;<1>
900;218;(14,8);;<2>
900;219;(13,19);;<0>
900;220;(3,16);;<0>
900;221;(0,13);;<0>
900;222;(19,2);;<0>
900;223;(10,0);;<2>
900;224;(15,1);;<0>
900;225;(6,16);;<0>
900;226;(17,1);;<0>
900;227;(16,1);;<0>
900;228;(18,0);;<0>
900;229;(3,11);;<2>
900;230;(8,0);;<0>
900;231;(14,9);;<0>
900;232;(11,4);;<2>
900;233;(12,9);;<0>
900;234;(11,16);;<2>
900;235;(4,3);;<0>
900;236;(5,1);;<0>
900;237;(15,18);;<0>
900;238;(7,7);;<0>
900;239;(11,7);;<2>
900;240;(12,17);;<1>
900;241;(8,1);;<0>
900;242;(7,2);;<0>
900;243;(19,17);;<0>
900;244;(2,2);;<0>
900;245;(3,8);;<0>
900;246;(9,5);;<0>
900;247;(3,6);;<0>
900;248;(13,0);;<0>
900;249;(12,2);;<2>
900;250;(11,1);;<2>
900;251;(10,1);;<2>
900;252;(15,6);;<0>
900;253;(11,6);;<2>
900;254;(2,6);;<0>
900;255;(11,11);;<0>
900;256;(15,11);;<0>
900;257;(16,0);;<0>
900;258;(11,10);;<2>
900;259;(17,15);;<0>
900;260;(17,8);;<0>
900;261;(14,0);;<0>
900;262;(12,1);;<0>
900;263;(18,1);;<0>
900;264;(2,7);;<0>
900;265;(9,2);;<2>
900;266;(11,0);;<0>
900;267;(0,0);;<0>
900;268;(1,2);;<0>
900;269;(0,14);;<0>
900;270;(13,9);;<2>
900;271;(14,10);;<2>
900;272;(3,0);;<0>
900;273;(3,5);;<0>
900;274;(0,2);;<0>
900;275;(3,2);;<0>
900;276;(4,17);;<0>
900;277;(12,15);;<2>
900;278;(6,2);;<0>
900;279;(10,16);;<2>
900;280;(14,5);;<0>
900;281;(2,0);;<0>
900;282;(19,5);;<0>
900;283;(14,1);;<0>
900;284;(13,18);;<1>
900;285;(7,14);;<0>
900;286;(16,7);;<0>
900;287;(8,8);;<0>
900;288;(10,2);;<2>
900;289;(11,2);;<2>
900;290;(6,17);;<0>
900;291;(19,14);;<0>
900;292;(14,4);;<0>
900;293;(14,2);;<0>
900;294;(13,8);;<0>
900;295;(0,18);;<0>
900;296;(0,12);;<0>
900;297;(9,1);;<0>
900;298;(19,10);;<2>
900;299;(8,6);;<2>
900;300;(10,15);;<2>
900;301;(9,6);;<2>
900;302;(17,18);;<0>
900;303;(19,0);;<0>
900;304;(10,6);;<2>
900;305;(14,6);;<2>
900;306;(8,12);;<2>
900;307;(16,6);;<0>
900;308;(18,6);;<0>
900;309;(17,2);;<0>
900;310;(0,7);;<0>
900;311;(15,8);;<2>
900;312;(1,7);;<0>
900;313;(4,7);;<0>
900;314;(8,14);;<2>
900;315;(5,7);;<0>
900;316;(12,4);;<2>
900;317;(9,7);;<0>
900;318;(10,7);;<2>
900;319;(12,7);;<0>
900;320;(13,7);;<2>
900;321;(13,16);;<0>
900;322;(15,7);;<2>
900;323;(17,14);;<0>
900;324;(17,7);;<0>
900;325;(1,8);;<0>
900;326;(9,8);;<2>
900;327;(10,4);;<2>
900;328;(0,8);;<0>
900;329;(3,19);;<0>
900;330;(4,8);;<0>
900;331;(5,8);;<2>
900;332;(5,5);;<0>
900;333;(8,3);;<0>
900;334;(6,8);;<2>
900;335;(0,6);;<0>
900;336;(19,6);;<0>
900;337;(10,8);;<2>
900;338;(16,18);;<0>
900;339;(6,9);;<2>
900;340;(11,8);;<2>
900;341;(12,8);;<2>
900;342;(16,3);;<0>
900;343;(11,9);;<2>
900;344;(19,8);;<1>
900;345;(6,12);;<2>
900;346;(15,2);;<0>
900;347;(4,11);;<2>
900;348;(0,9);;<0>
900;349;(8,11);;<2>
900;350;(2,9);;<2>
900;351;(3,9);;<0>
900;352;(4,9);;<2>
900;353;(5,9);;<0>
900;354;(4,10);;<2>
900;355;(8,4);;<0>
900;356;(7,9);;<0>
900;357;(5,18);;<0>
900;358;(15,9);;<2>
900;359;(17,9);;<2>
900;360;(19,9);;<2>
900;361;(1,10);;<2>
900;362;(13,17);;<0>
900;363;(1,14);;<0>
900;364;(2,10);;<2>
900;365;(3,10);;<2>
900;366;(5,10);;<2>
900;367;(6,10);;<2>
900;368;(19,11);;<0>
900;369;(15,14);;<0>
900;370;(7,10);;<2>
900;371;(8,10);;<2>
900;372;(9,11);;<2>
900;373;(12,10);;<2>
900;374;(16,12);;<0>
900;375;(13,10);;<2>
900;376;(7,12);;<0>
900;377;(18,18);;<0>
900;378;(15,10);;<2>
900;379;(16,10);;<2>
900;380;(0,4);;<0>
900;381;(2,12);;<2>
900;382;(12,19);;<1>
900;383;(18,10);;<2>
900;384;(9,12);;<0>
900;385;(5,11);;<2>
900;386;(16,11);;<2>
900;387;(11,5);;<2>
900;388;(4,6);;<0>
900;389;(6,11);;<2>
900;390;(1,5);;<0>
900;391;(5,6);;<0>
900;392;(14,11);;<2>
900;393;(18,11);;<2>
900;394;(13,1);;<0>
900;395;(16,8);;<2>
900;396;(10,12);;<2>
900;397;(13,11);;<0>
900;398;(11,12);;<2>
900;399;(12,12);;<0>
900;400;(15,12);;<2>
